0.164581181345932,-0.0356778148943198,0.22027365406546,-0.00164863290707382,0.247263329362743,-23.3592303609045,0.188076383811727,-0.170570471556638,-0.00885487777007611
0.189427668153546,-0.0556905770776235,0.257587688277358,-0.0027076683657655,0.144847123651979,-23.3592303609045,0.20478451954136,-0.26790946465169,-0.0135558613343046
0.213499585870084,-0.067820468806415,0.264296473129933,-0.00285256566701626,0.11244815129504,-23.3592303609247,0.196160220194018,-0.338968195780826,-0.014708305617872
0.249330503742009,-0.0825327456067109,0.261953356818855,-0.00294313880676622,0.089035259499516,-23.3592303609247,0.179975579211312,-0.494331493273987,-0.0151929285376453
0.175071890290493,-0.0486238043470215,0.262584010874435,-0.00301483169496282,0.152158635843285,-2.65104484550001,0.226765782291005,-0.214062149536989,-0.0139946564895489
0.202069990586622,-0.0638540956392391,0.261570231874767,-0.00304802653167377,0.160436039620757,-1.62203699822881,0.171111709306521,-0.266765243613663,-0.0150144887916443
0.202991639328109,-0.0647063469777374,0.264904722212156,-0.00329961891968632,0.124520033177353,-23.0353492462416,0.209722730168022,-0.306379179990035,-0.0156136852795963
0.148581793801061,-0.0542541253945091,0.26652808046206,-0.00339104153888432,0.181806734717773,-1.61762903240571,0.209525085691806,-0.185980430741241,-0.0162129605900874
0.238397774208301,-0.0976690070250129,0.269541820234803,-0.00333681767863117,0.0907421787720789,-3.53653473017945,0.169088236574176,-0.497694009971275,-0.0177593840822493
0.204649068094116,-0.0749326331133296,0.265048594585152,-0.00341176113474625,0.130318793574734,-1.60333515396918,0.18550840278727,-0.365851131365544,-0.0167802443249305
0.154875792191091,-0.0648025550345364,0.271343089126496,-0.00344591554789388,0.146652736012519,-2.50458277279794,0.207518828787967,-0.24047850510431,-0.0178309232643226
0.138939646742429,-0.0323140608664671,0.269884769146868,-0.00321313546921535,0.203773439458214,-0.769925292801145,0.232216278142787,-0.123047794349176,-0.0136448950077907
0.143500509264869,-0.0433233583726718,0.263843797476875,-0.00347540512514397,0.162574793633556,-3.00645774754482,0.256445538316805,-0.190939937573948,-0.0162070805126228
0.171542346588428,-0.0699827740373672,0.266450710701337,-0.00346139434252125,0.147285517984136,-4.35895073799745,0.193892322321389,-0.299788076037402,-0.018077308883052
0.169042358296285,-0.0381544521431977,0.242734991674534,-0.00287888120151528,0.19086572727825,-20.4501945696858,0.236405257378366,-0.208324584131336,-0.0133781023773053
0.248168999995155,-0.0206669343816193,0.274044931291383,-0.00405677404935779,0.213621427266375,-0.830134828503836,0.265479691522771,-0.110641175363787,-0.00116404716756817
0.248663620532368,-0.0176828577622065,0.273601941296457,-0.00332929427313666,0.195256803217991,-1.07030883624166,0.293470541063873,-0.117539482411501,-0.00161418820660179
0.258491611483534,-0.0205371521544976,0.279033435396574,-0.00356872267665982,0.184933465248088,-1.02377608616086,0.279115301217293,-0.139505434010339,-0.000951607413536612
0.220241963258711,-0.0155094919941001,0.347835240996892,-0.00303802339787275,0.277372741287883,-0.682105421452584,0.251549962666079,-0.0769099680464809,-0.00234351056383517
0.242325320147449,-0.0193707416853706,0.279517711784629,-0.00359058600646036,0.222076974977782,-1.03169210079878,0.269356810023629,-0.108424131219414,-0.0018318377421734
0.241902584765274,-0.0196007964153193,0.275800408786896,-0.00365899119022801,0.226453982454782,-1.13900130947957,0.268087744858269,-0.111037631684719,-0.00181359067350415
0.241331802306601,-0.0176278471404903,0.303929884666276,-0.00338874324505901,0.23126413177954,-0.885643653494346,0.271198801682929,-0.107200858931602,-0.00230500974657099
0.222417618506752,-0.0160736625673165,0.995687953631711,-0.00305702605322073,0.267571790845759,-0.659351308489516,0.262859359937967,-0.0853783748248998,-0.00288064961428924
0.254028553951974,-0.0212864693014606,0.280641493887778,-0.0038414599117309,0.187947481693278,-1.4671852624585,0.284610176288526,-0.136540742653437,-0.00165992973574848
0.259108990858282,-0.0225300941372944,0.279753430025348,-0.00392830848576741,0.17966621852458,-1.22063558681888,0.284189894545614,-0.153822586077074,-0.00126667025192475
0.249928639300178,-0.0214684743362402,0.276932515749702,-0.00390440797722811,0.222215655088609,-1.10085366156118,0.255539979770664,-0.120000701242316,-0.00148635687323901
0.235418342053087,-0.020513309731937,0.269422271789339,-0.00394376575351503,0.245400081688166,-0.859391450451741,0.250999499367211,-0.105460564212422,-0.0010629737707006
0.232503869606482,-0.0177582960505067,0.325853864302138,-0.00340621514345593,0.264075344410924,-0.672662132008023,0.248229071042573,-0.0956703508681346,-0.0025048464189
0.245224580958061,-0.0201185010851634,0.2751064718572,-0.00389784063974288,0.202611451108304,-1.00946446772617,0.279126846547353,-0.11147598434596,-0.00123310182604889
0.244294488969499,-0.0195692962533307,0.276244151629456,-0.0037572212628374,0.217222927111841,-0.979102171851925,0.272218465095846,-0.116518962379655,-0.00179931576365985
0.246005055200133,-0.0215985147082721,0.280316437254284,-0.00400809611486551,0.211942045141435,-0.963959431348518,0.271835791577653,-0.130116926984115,-0.00190885303889206
0.319999138377469,-0.0204789606215317,0.999079296634989,-0.00437889591744333,0.066413536496439,-0.103993853694853,0.240064934760803,-0.104438293809272,-0.00403653320640181
0.253745668577378,-0.0224216696382561,0.999999999999978,-0.00466773794543927,0.180200679428574,-1.31428974513039,0.294750260525602,-0.148052963451114,-0.00489881572175271
0.250901718983807,-0.0220177547489046,0.999999999999978,-0.00483254926424798,0.206435847031733,-1.08004422917216,0.268575879755674,-0.126862770115902,-0.00509149072564943
0.243131452851031,-0.0210305896615628,0.999999999999978,-0.00500171723896049,0.249673443744794,-0.923060975324636,0.249750219508909,-0.113638352581531,-0.00534253013360313
0.270982697691166,-0.0228267184507418,0.999999999999978,-0.00434651321856334,0.16283404972273,-1.61082781058092,0.288279035256803,-0.15780225671639,-0.00449882648688053
0.257108288049117,-0.022877524040156,0.999999999999978,-0.0042958356416598,0.204846675739754,-1.00230539694665,0.261799645592686,-0.13458312959853,-0.00440610286242394
0.245946651128806,-0.0213102516654542,0.999999999999978,-0.00446543627281735,0.202840003912527,-0.934485059923499,0.275167122675588,-0.119691461398828,-0.00466750692946376
0.262288396242235,-0.0236872568151439,0.999999999999473,-0.00437534681915367,0.183367397220409,-1.2798446145826,0.279888150431373,-0.16738608438053,-0.00449707633912711
0.240341301405384,-0.0198367295609184,0.999999999999978,-0.00449274383803303,0.236627057106373,-0.935936551960021,0.25693361063509,-0.107253716644368,-0.00473067988370538
0.254370115334776,-0.0204180421688276,0.999999999999978,-0.00474058389025663,0.205400586457118,-1.00947645482707,0.275631201000034,-0.124212639759019,-0.00506564495361903
0.256765730185881,-0.0243725214772531,0.999999999999978,-0.00497012745413765,0.193159227779059,-1.30148741543045,0.273646648885149,-0.153756173731395,-0.00519587266077745
0.264947872233835,-0.0262110845439211,0.999999999999022,-0.00493453939263225,0.189386405308909,-1.11142363552679,0.265553537145022,-0.163879585896329,-0.00510336506772764
0.253989068147141,-0.0216899706502425,0.999999999999978,-0.00511805369908641,0.254847600407803,-0.685848501032551,0.225090594524529,-0.104767141329429,-0.00552180588005409
0.254284411780396,-0.0176604929765963,0.999999999999978,-0.00500978036275921,0.255288812732751,-0.876978928116401,0.262881612443568,-0.0967830883570351,-0.00556870064339894
0.240886553942246,-0.0206465943229656,0.999999999999978,-0.00521142093422818,0.244471105822228,-0.923160744290656,0.25756900835159,-0.106899216091997,-0.00563602466656922
0.251801462853051,-0.0200314175376602,0.999999999999978,-0.0053215144612037,0.240823758172052,-0.924355080940375,0.264799776114817,-0.111195992978181,-0.00584071667943864
0.261300630997914,-0.0248382533503769,0.999999899431651,-0.00495240012349422,0.178186554243368,-1.02171141870317,0.277780790642769,-0.158602583827988,-0.00515650759553839
0.291012815595535,-0.0156604441351598,0.999999999999978,-0.00551216469305318,0.271841904955117,-0.584765738217008,0.256767336996922,-0.0838773720004743,-0.00639948384721033
0.254153627081233,-0.023550540889008,0.999999999999978,-0.005026834702176,0.221956014271161,-1.13734184402085,0.254426911085935,-0.13620919055031,-0.00530294302516653
0.254788321502217,-0.0200268289120946,0.999999999999978,-0.00532414845166453,0.25994862485821,-0.689588195730707,0.236637714477408,-0.102921915897767,-0.0058464347676391
0.251888801073503,-0.0258435009041159,0.999999999991946,-0.00498297152786484,0.227134335243248,-1.12673607369312,0.241174651311974,-0.139820692952865,-0.00514018704817968
0.246787118547707,-0.0180573181682035,0.999776283278342,-0.00507054763682526,0.235005095437668,-1.01904536606612,0.28575609107479,-0.106433445765784,-0.0055857999472278
0.25560963230499,-0.0209933756555009,0.999999999999978,-0.00532755649823376,0.238686993225751,-0.788712611498776,0.251735809942061,-0.116832031443628,-0.00579587716803632
0.250691027344808,-0.0238528171439506,0.999999999999978,-0.00515513780830565,0.227776985232172,-0.849871880653169,0.246443079496633,-0.12938203597558,-0.005418006506685
0.251681841081706,-0.0226194417107074,0.999999999999978,-0.0052382430868655,0.222800974405373,-1.05869141019297,0.263049759464607,-0.127103104686666,-0.00559664972531428
0.267956868848768,-0.0216049667300296,0.999999996430792,-0.00529204063866466,0.192292977628835,-1.17352535552257,0.284510296724811,-0.138797045796093,-0.00578490845050741
0.257793989694111,-0.0245319324621776,0.999999999999978,-0.00528223977026448,0.223361423492619,-0.948421192440345,0.243092085985846,-0.132047274758154,-0.00559808604276255
0.253473543010246,-0.0222838587184179,0.999999999999978,-0.00531426725822451,0.23528984668635,-0.922760956943355,0.251570832313875,-0.120654237529572,-0.0057600070705102
0.255807703402848,-0.0273719999766113,0.999999999999978,-0.00538708049529791,0.222787690053699,-0.972193345972693,0.239704758483455,-0.142651047972013,-0.00554305788154886
0.245247941075458,-0.0198970615331696,0.999999999999978,-0.00548356507838629,0.252902977728793,-0.736180259195458,0.259311572465885,-0.101066899737158,-0.00598139580609402
0.245470616918764,-0.02213583890859,0.999999999999978,-0.0055350846881893,0.256447246382616,-0.875488278928749,0.24279025948891,-0.11369751414506,-0.00599319044313566
0.237333657282366,-0.0219989592583026,0.999999959684542,-0.0054647818333005,0.237636078853616,-0.843365769425277,0.266675232752822,-0.108518284808295,-0.00579738553370573
0.279056849811369,-0.0169330399285374,0.999999999999978,-0.00569802895365812,0.291006815100046,-0.673301616467221,0.240958236322297,-0.089158397041509,-0.00654872910263265
0.257250895874522,-0.0214499471194051,0.999999986131965,-0.00543162199957262,0.223096021356415,-0.854859452507401,0.261146862779767,-0.122595231645641,-0.00589909632414343
0.264526054696619,-0.0236668409626455,0.999999999999978,-0.00538901803409567,0.196002783735936,-1.07202042135704,0.270397033641336,-0.142243723091384,-0.00578138864739545
0.260179367195835,-0.024632158377966,0.999999999999978,-0.00541181556476276,0.238089899747435,-0.940041590040916,0.234518325998021,-0.134845383056331,-0.00577934216413157
0.248252339643334,-0.0226230942773979,0.999702744280368,-0.00547336057012487,0.233548735947315,-1.09193461699396,0.25754655359341,-0.119118966324507,-0.00589084192124866
0.475652237546343,-0.0117560645470865,0.999999999999978,-0.00581997923223892,0.317126735134945,-0.589216879498466,0.256205068974205,-0.0668091430754739,-0.00723861449035403
0.272912979860403,-0.0270892367497346,0.999999981297399,-0.0049782906747689,0.16159928303492,-1.43415872123529,0.281863881765539,-0.190470842753526,-0.00513749591418526
0.270387645282825,-0.0267798659571245,0.999936849490865,-0.00520135014360487,0.202626637854869,-0.932388604944405,0.245263503319694,-0.160454553437284,-0.00543529472762179
0.249189583698433,-0.0192628850384511,0.999999999999978,-0.00554530127882707,0.27787732259961,-0.789762623140701,0.245797808621343,-0.0985320611613315,-0.00616550966383239
0.25502577181903,-0.0253504370462584,0.999999999999978,-0.0055541341649528,0.198352187618861,-1.22409960881369,0.273650623780662,-0.149563372125324,-0.0058880963712896
0.253654506940446,-0.0230943718912349,0.999999999999978,-0.00572026591154805,0.261622769023036,-0.883593075335056,0.231474007792678,-0.118621552226823,-0.00622157343076846
0.252844277530773,-0.0221094180047446,0.999999999999978,-0.00574915438590472,0.25393426352612,-0.732488733191119,0.236147208595841,-0.106493703445488,-0.00629121295475984
0.261264285957416,-0.0191921043508754,0.999999999999978,-0.00576056437551434,0.253932548048214,-0.838094774802236,0.259724638324625,-0.103339021602291,-0.00645849279358034
0.269193780472904,-0.0281394565417979,0.999999999999978,-0.00527708457308987,0.141512652250814,-1.9228400803202,0.304103428814808,-0.217435848189571,-0.00540719980057037
0.260207304593314,-0.0231643158758035,0.999999999999978,-0.00564508967149769,0.217918759280336,-1.1696872955138,0.267855950826284,-0.137480866126977,-0.0061436373472039
0.255854801960913,-0.0272978287822492,0.999999999294489,-0.00609278348650179,0.193041624647554,-1.31470743219717,0.281131188984583,-0.164137695213954,-0.00639398915198236
0.236684681140565,-0.0244185608217365,0.999999999999978,-0.00617097828628424,0.269727205780044,-0.808437504758089,0.23416277640883,-0.110623444016302,-0.00660916754948663
0.266816536306605,-0.0231889667154749,0.999999999999978,-0.00605029880664873,0.218369718225996,-1.01916383599294,0.266594607221371,-0.140814107677008,-0.0066597567694415
0.265725639229774,-0.0199907008714546,0.999999999999978,-0.00642802327448051,0.267844187499753,-0.787428112127681,0.253687531541401,-0.101339946021977,-0.00723105562282325
0.266233672632119,-0.0221025448858192,0.999999510429008,-0.00583748621124072,0.215305034368847,-0.863752320552835,0.268188681794627,-0.133644747086248,-0.00640814602397865
0.250126115447975,-0.0282821495609297,0.270329748347852,-0.00560182999018961,0.227593767494873,-1.1132114105091,0.253548313603318,-0.14756139210204,-0.00166272683590456
0.270256601904103,-0.0279477302700578,0.999999999999978,-0.00551338941257915,0.184173665590612,-1.26227500017209,0.262102113490302,-0.166650548161382,-0.00578484105164745
0.260858569471242,-0.0258419381241958,0.999999999999978,-0.00583102126317074,0.232845546345817,-0.888489084798488,0.237615751429652,-0.133996370873804,-0.00628740926271161
0.310374574972937,-0.0170185107029946,0.999999999999978,-0.00635340094472075,0.290645081912637,-0.704818873206953,0.242749709762769,-0.085671836012689,-0.00750780439415215
0.264514779294787,-0.0280012973526652,0.999999999999978,-0.00600465195477734,0.177078689852218,-1.8455519724662,0.284190716715193,-0.180702101147013,-0.00637908200936618
0.265004332276656,-0.0287217936773365,0.999999999853052,-0.00563824076824196,0.187896485719891,-1.18165124999156,0.261220204456884,-0.165411106830241,-0.00587559617738742
0.26717824100961,-0.0294945242792248,0.999999999999978,-0.00607607261577952,0.196370013660459,-1.05537982496061,0.25527184102986,-0.173410450632166,-0.0064241959824391
0.24674821039048,-0.0252916232382484,0.999999999999978,-0.00627275437473684,0.236161284096201,-0.911527714880717,0.2537665719818,-0.134419522187735,-0.00672374090436731
0.264062466350526,-0.0264963788186678,0.999999999999978,-0.006285807117147,0.211686699902921,-1.07023897358535,0.261745745169091,-0.1517330466974,-0.00681616585721792
0.248709566868415,-0.027705639573173,0.999569286893898,-0.00659849059568541,0.253779155174646,-1.05603111082222,0.239335351492365,-0.137692187971607,-0.00699867998650531
0.258893149847941,-0.0209836205053011,0.999999999999978,-0.00673013158576829,0.266238839129197,-0.766661620113729,0.256687465604239,-0.100693806842615,-0.00752652187429445
0.25874401060717,-0.0245074453196978,0.999999999999978,-0.00634161719410421,0.254475539297423,-0.905668746169673,0.235950821339477,-0.127495461814887,-0.00693992063754472
0.284016129126017,-0.0196934559692487,0.999999999999978,-0.00640201791002681,0.250807511775626,-0.807333924498235,0.259077096667883,-0.11273429086222,-0.00729642427126159
0.26519525203269,-0.0282500934484467,0.999613416446253,-0.00627626058075651,0.205787990067713,-1.25251954297669,0.259580750805654,-0.162456273177802,-0.00671537633549376
0.241418146077489,-0.023962726235159,0.998853858570674,-0.0069252127456203,0.276561591689673,-0.709887563863579,0.235953773154606,-0.102614597657942,-0.00752230527785226
0.29849904743909,-0.0193135768068259,0.999999999999978,-0.00690308486287837,0.284252429110497,-0.724407471529596,0.241781223874536,-0.0948394638577736,-0.00805246018767851
0.257410770184239,-0.0292813994336215,0.999958568819799,-0.00635106774373767,0.21951424499114,-1.06165503257566,0.244187052139739,-0.149377011311917,-0.00673345836713029
0.280954863433427,-0.0237648800402117,0.999999999999978,-0.00708190389450618,0.25172206287048,-0.92650039169524,0.242835739159608,-0.128103399473649,-0.00801136322495008
0.261312288673221,-0.0239966810523496,0.999999999999978,-0.00698172102201627,0.234674804983523,-0.89782763525766,0.265333948960298,-0.129577466806143,-0.00780865506818046
0.27350503254906,-0.0296561768985403,0.999999999657312,-0.00632680679196481,0.172281947374468,-1.31103443283948,0.27768224302561,-0.188705150841697,-0.00671146077285726
0.266407204235905,-0.0289720366070348,0.999999999999978,-0.00686604725727854,0.195012799979014,-1.33143500174104,0.268786468430697,-0.17425812457401,-0.00743184585216064
0.278499987635488,-0.0240021571773271,0.999999999999978,-0.0071079247620779,0.2398332733363,-0.910182637318284,0.253082350506294,-0.12838850257783,-0.00804194619597345
0.259532952167537,-0.0280389512789628,0.999999999999978,-0.00658390441987819,0.209698716400386,-0.968677537863064,0.26060674553594,-0.154316090831279,-0.00708373153699183
0.244933983870438,-0.025331836751955,0.999999999999978,-0.00727635897917932,0.260026403509508,-0.895527538036167,0.248900409363812,-0.11628907226746,-0.00799200748757533
0.264110235670716,-0.0284173020119007,0.999999999999978,-0.00705254457108551,0.222432449893992,-0.996184148493934,0.248181799918717,-0.150471481134928,-0.00771715047843425
0.248622240517414,-0.0269310721587247,0.999999999999978,-0.00754731208508197,0.235871048398867,-0.981667016973676,0.266991794982115,-0.129711129555593,-0.00815860538515626
0.251769221938494,-0.0295151660618387,0.999999999999978,-0.00762516867723534,0.229553294982241,-0.998621516784465,0.261210626624913,-0.146953720893821,-0.00811803686123378
0.270783712154605,-0.0272433151958184,0.999999999999978,-0.00712437171346699,0.22511759965104,-0.926815626910758,0.250037126185629,-0.146495392612743,-0.00786891471518182
0.258035320396126,-0.0239642476375469,0.999999999999978,-0.00819037522238084,0.270669629307912,-0.910939497942364,0.265248844704164,-0.118862618425241,-0.00901763315702865
0.278983440125929,-0.0338183355611936,0.999999999999978,-0.00810485286654533,0.167952445949457,-0.777818395304222,0.252072999940055,-0.169731285747935,-0.00854145170111555
0.283375655159839,-0.0288654410373617,0.999999933861833,-0.00888714104166154,0.212242588673309,-0.992049426715064,0.269934694290227,-0.152979059316706,-0.00988832807730234
0.35293300582151,-0.0191234979023822,0.999999999999978,-0.00778608840159449,0.280034633480422,-0.710484387184051,0.251505526944896,-0.100463178120058,-0.0094116905616367
0.267067594654743,-0.0264052462052512,0.999999999999978,-0.00772965885000449,0.196668832824611,-1.33990391295513,0.293737141335757,-0.156661251204454,-0.0086424234845548
0.2613363034561,-0.0295768518146366,0.999999999999978,-0.0083236167643111,0.208875062955734,-1.1426311287914,0.281890875387594,-0.156482917688155,-0.00907592014287951
0.279001664978536,-0.0272647952304402,0.999999999999978,-0.00760724638442806,0.215614673310553,-1.20416822789543,0.261515401774341,-0.157377300399872,-0.00851336870889493
0.273401958428537,-0.0305744653545444,0.999999999999978,-0.00848723381928385,0.214410638373679,-1.0568257659246,0.267820667164815,-0.166590625773323,-0.00931242959622756
0.269970938074966,-0.0350886315297946,0.999999999999978,-0.00874388768223189,0.220577993416522,-1.17186057086341,0.246722611731484,-0.184998883228674,-0.00937888651961942
0.272824396800016,-0.0300793496307216,0.999999999999978,-0.0075395492986944,0.187609005715687,-1.26048974260768,0.277279139930985,-0.175268562725468,-0.00825553673690887
0.265094382704037,-0.0380317784616139,0.999999999999978,-0.00820885020838799,0.180539104644227,-1.43628202807976,0.269311497905113,-0.207565900514798,-0.00860448402072984
0.27248064208375,-0.0334236447834182,0.999999986377451,-0.00796012525117699,0.212845566927339,-1.19157661609733,0.241022670059244,-0.178325204393053,-0.0086045508127659
0.277990023004871,-0.0302666389325723,0.999999982847737,-0.00823489888262561,0.198275236984702,-1.32087160780592,0.273427195361494,-0.178955845788359,-0.00914866553839475
0.259753912465758,-0.0421394811885062,0.926798900090118,-0.00896600381749557,0.201669121960144,-1.38467460988697,0.264015845021165,-0.222910680056073,-0.00904294797552523
0.245732279493357,-0.0334361286909682,0.993765562156804,-0.0103921446041036,0.276332835053283,-1.0625387904002,0.25998375958291,-0.170408498844721,-0.0110933502938941
0.427148105434365,-0.0201867348813671,0.999999999999978,-0.00876795289154092,0.253215880388991,-0.826014787367133,0.266352770131433,-0.117107159953043,-0.0108783496819158
0.265017786277313,-0.032860946358372,0.999999999999978,-0.0081011097597882,0.214271929170282,-1.14577465844878,0.252000005724715,-0.168605167167318,-0.00883341614217789
0.259884209941357,-0.0290489551069451,0.999999999128267,-0.00678927692421099,0.215354596295416,-1.32990277745186,0.260561929124584,-0.162396427029814,-0.00735651023444303
0.287616150178901,-0.032092757627234,0.999999999999978,-0.00965882301977777,0.206700741724989,-1.29064802261905,0.271483711682084,-0.182809825836766,-0.0109112989746834
0.32499708540335,-0.0464961872362682,0.949801481054245,-0.00842647897884072,0.0468856964008921,-22.5365774209627,0.280050734854269,-0.286419365366117,-0.00794164641654068
0.280266132818814,-0.0475640240327584,0.951899988767433,-0.00893408970625101,0.127147541486127,-22.5365774209627,0.296162605812125,-0.309925253064252,-0.00908882395621135
0.278267902021268,-0.0415505439946687,0.951811401996301,-0.008505211438745,0.140197596538529,-22.5365774209627,0.291312981141113,-0.273355367972866,-0.00902178136789817
0.29103568675941,-0.0495158602865792,0.95189874294799,-0.00850163815879109,0.115333631455098,-22.5365774209627,0.295784297301441,-0.317888795736381,-0.00820167512157952
0.298467188201058,-0.0446677161778574,0.952036813561915,-0.00781494371300308,0.0947670233763259,-22.5365774209627,0.300255889034114,-0.334759163185272,-0.00805983762016827
0.303471046544833,-0.0523498854407916,0.952023459285793,-0.00885151522774368,0.0787162181879185,-22.5365774209627,0.306150183005307,-0.380386474125689,-0.00885150676144861
0.299066779525869,-0.0421068129656465,0.952003576839206,-0.00929417543795216,0.124729685904793,-22.5365774209627,0.298616249280354,-0.296972501863885,-0.0101509937091583
0.280837515263208,-0.0417367189248194,0.999999999999978,-0.0112004346010649,0.207434865975339,-1.2670679048137,0.248977659652004,-0.214550086414245,-0.0122707859120317
0.289873086125636,-0.0339509744495076,0.999999999999978,-0.0105598217302998,0.227614514845553,-1.23341994111388,0.254103965990474,-0.176548740597102,-0.0121011360382555
0.397395658352603,-0.026505708391899,0.999999999999978,-0.0105644471701732,0.217792521477447,-1.15057899595172,0.276547349482129,-0.158405070350124,-0.0129515706766417
0.292869056472192,-0.0371050407526041,0.999999999999978,-0.00999179937563937,0.20459059763665,-1.15862845022369,0.250056809155735,-0.206763988924193,-0.0112433889571441
0.299923301556273,-0.031535123078769,0.999999999999978,-0.011280332146115,0.240842209472295,-1.08966698769471,0.263297859588401,-0.156160885388688,-0.0130922025863216
0.411124649136676,-0.0262733385995968,0.999999999999978,-0.011299030430013,0.251460772459867,-0.940687226534887,0.260048527542035,-0.145529158845097,-0.0139097426237681
0.665550267355783,-0.0227008699179457,0.999999999999978,-0.0115407858163907,0.244572605512964,-0.98966733573431,0.280262277249258,-0.137041764433516,-0.0151310779395721
0.282028086603375,-0.0470714051110161,0.999999997406481,-0.0115365900908091,0.189476659117805,-1.21646251391646,0.247686641631688,-0.240725946653247,-0.012572849501795
0.291674422677985,-0.0511142578811755,0.999999999999978,-0.011691474879454,0.161192075562827,-1.85679096459628,0.259228025206585,-0.291644162879124,-0.0124444243770678
0.284622989660139,-0.0470227619716747,0.999999999999978,-0.0122710844601338,0.195956882259019,-1.31259486320493,0.249143785027594,-0.245938807870429,-0.0132934554013589
0.329224521231605,-0.0333913687741221,0.999999999999978,-0.0119787716229419,0.230508932936504,-1.00678055950607,0.255716514959934,-0.177060611506496,-0.0140951987076016
0.281712573961657,-0.0398150611340738,0.999999999999978,-0.0121464698067705,0.208941627520245,-1.24475290785015,0.263353143388486,-0.197788663744469,-0.0135947366391821
0.318260265753367,-0.0300665395496445,0.999999999999978,-0.00983402989327281,0.215294037946322,-1.27931449839379,0.264019070907092,-0.175927104779277,-0.0114960858841676
0.54689959114766,-0.0262807934202767,0.999999999999978,-0.0128911556819944,0.267546620709906,-1.01440102016918,0.259969200595036,-0.14252627435818,-0.0164525882156602
0.232997973434513,-0.0540937749150803,0.739744179913345,-0.0126686187971276,0.283025388306342,-1.16309973958741,0.235082353012369,-0.234741154383781,-0.0126686824181018
0.442215956723226,-0.0313643832104594,0.999999999999978,-0.0139850254157796,0.193697197201652,-1.08447025019372,0.288396273358983,-0.170176836326712,-0.0172781025421457
0.291994993506134,-0.0416769321784516,0.987998877943521,-0.0109159398547539,0.181267583569117,-1.58633185481352,0.264202964324788,-0.244317644013551,-0.0121985277453001
0.610504510884793,-0.0227631527822817,0.999999999999978,-0.0110923694679802,0.243966744547087,-1.01406841208611,0.273989294204184,-0.136620105787255,-0.0145456251794528
0.292473224237507,-0.0484858089859012,0.999999990681808,-0.0115032821535324,0.179604293751591,-1.88289968447996,0.245944538734334,-0.277816843532834,-0.0125662526073371
0.409329412392611,-0.0301880271204632,0.999999999999978,-0.0126409826986656,0.240485305280303,-1.05175470799197,0.261900553435959,-0.164343541966576,-0.0156211824974543
0.391517824250672,-0.0358846006837276,0.999999999999978,-0.0147864474341183,0.181874681561095,-1.25080910197255,0.28391074785289,-0.206405395532905,-0.0177659599404669
0.772580783667988,-0.0239645709603995,0.999999999999978,-0.0123198108322158,0.24080107994467,-1.16660087805607,0.277544470687359,-0.155465393768159,-0.0165593470174418
0.302129333811069,-0.0400180432855759,0.999999999999978,-0.0135387312215008,0.216972692635046,-1.16727749830848,0.258754361782878,-0.189346541450264,-0.0155680171008267
0.999999999999978,-0.0278047712891043,0.999999984778289,-0.0155167584874384,0.273393232918029,-0.945760754203069,0.245749214441637,-0.15713628072279,-0.0210435729638232
0.999999837628686,-0.0345915767845717,0.999999999999978,-0.0180624434756191,0.154183580979631,-1.17502769254719,0.266018908038112,-0.201795918569415,-0.0253521498640262
0.435937485695123,-0.0348432151214545,0.999999986821604,-0.0148929496668409,0.239224888355876,-1.17223573625447,0.254988026386823,-0.185325274360972,-0.0185830423752353
0.399632762930112,-0.0375434186252613,0.999999999999978,-0.0162120523444851,0.219033302799974,-1.48243971112426,0.283721950478069,-0.198914201265128,-0.019756370224899
0.289359315440857,-0.0551859277831356,0.996745825177314,-0.0158711681732506,0.182731986190147,-1.47851328988573,0.259589429912474,-0.259025132744329,-0.017589057361505
0.591924314607806,-0.0311164500174014,0.999999999999978,-0.0150538665951673,0.217994851043217,-1.20714946776713,0.283385511752198,-0.186764710510839,-0.0195638792062374
0.323276497956668,-0.0457613945345904,0.999999999998592,-0.0134112836963601,0.159848457767562,-2.80249465510641,0.278316002265395,-0.29073773582185,-0.015419060412611
0.967772234636638,-0.0335629408847983,0.999999999999978,-0.0183452636998307,0.22043538067229,-1.05967528689588,0.259021102256882,-0.190444190598906,-0.0249425387812234
0.302365276082201,-0.0796534151992232,0.999917932014134,-0.0160185494977419,0.0970085009507996,-22.4032407482464,0.280644041679391,-0.497878533698097,-0.0160461502861858
0.293818483788505,-0.0682981382814572,0.999778280888007,-0.0158839601483724,0.12225476687349,-22.4032407482464,0.28832631306671,-0.390147612671895,-0.0169320874077054
0.296674018569513,-0.0715125524447628,0.999768561385174,-0.0174497829252675,0.110740812930544,-22.4032407482464,0.296836113811124,-0.412588412364456,-0.0187240569895793
0.28092430545494,-0.078888254517947,0.999712054291089,-0.0184314128484234,0.139334167545158,-22.4032407482464,0.292380391669277,-0.452568688110145,-0.0185935563196552
0.345982651657979,-0.0702815144489268,0.999999999392593,-0.0201392214850633,0.0471848570352041,-22.4032407479007,0.282721640673873,-0.426497561400205,-0.0228688885665006
0.410246638413696,-0.0452146033420532,0.999999999999978,-0.0182738385372223,0.208658835346376,-1.33585648664315,0.261173766438635,-0.234583387077509,-0.0225730799259476
0.285570971024795,-0.0726507261449699,0.999999999999978,-0.0207411378053311,0.164275633022611,-2.10372174101809,0.269468780157441,-0.385148773286124,-0.0222660425026975
0.262472426254237,-0.0793101060525619,0.999999999999978,-0.0218491623197362,0.21973818906828,-1.93455411842459,0.248333717836605,-0.344360748053799,-0.022843698409557
0.330232805810325,-0.059415009622449,0.999999992040929,-0.0195726709827592,0.210525086146366,-1.38518914569312,0.225831810845507,-0.286446745318816,-0.0228314893086152
0.29260075754928,-0.0786560602748078,0.999999999999978,-0.0238987105939728,0.197058663273417,-1.88563531379997,0.240175515817592,-0.358290662343635,-0.0261429968627082
0.288991489482437,-0.0853702485744773,0.992552557389245,-0.0212594786782969,0.172918370407524,-1.6717328444675,0.233538138191843,-0.389815762569233,-0.0228663224341139
0.324627282070942,-0.0825709715890897,0.999996033651758,-0.0253518302505868,0.11204105356771,-18.3188927372315,0.278791375948945,-0.450015256649375,-0.0287392602147379
0.796429458388962,-0.0491000147617155,0.999999999999978,-0.0257396867847094,0.205825455810834,-1.48637077047096,0.258281315701898,-0.268667657309688,-0.0345392336089835
0.278616733540707,-0.0911093474835439,0.988618332051192,-0.0253841509764673,0.186940148087117,-2.30764321842352,0.258537944433552,-0.440075711122203,-0.0269036702999084
0.88175929622575,-0.0511258380957885,0.999999998749467,-0.0273910141066327,0.159744834221614,-1.45794845628927,0.273621679026297,-0.246682658837123,-0.0376745863495653
0.449365195811349,-0.0582922193049604,0.999999999999978,-0.0249302558531991,0.164057311855232,-2.33854292605962,0.290081861152583,-0.327184535368434,-0.0308890741689486
0.999999999999978,-0.0499109701095486,0.999999102559012,-0.0300756762466837,0.268332334353197,-1.43236420989642,0.266314617535975,-0.241193540895148,-0.0392250019034987
0.999999999999978,-0.0544180560103134,0.999999896419161,-0.0297798712252688,0.18405748054007,-1.1931194222627,0.250171773368245,-0.252788367152829,-0.04151188475871
0.99999985137365,-0.0606997990557304,0.999999999999978,-0.0314488358702906,0.126452054616124,-0.937868950058572,0.22525654311981,-0.301985211099993,-0.0450199027277465
0.999999999999978,-0.0522759923196367,0.999991497235248,-0.0297768975713636,0.244321339931048,-1.37399052111363,0.256765327457154,-0.262957505993693,-0.0401364517535435
0.999999950289783,-0.0633536558926017,0.999999999999978,-0.0328813667481197,0.129819548118079,-1.36529256404177,0.255036800957026,-0.313900261643341,-0.0469723530190861
0.999997065404723,-0.0565823461580966,0.999997914566529,-0.0306575559032496,0.169551446313601,-1.84143481859637,0.281041949872031,-0.340869065866549,-0.0421635355598121
0.99999400667411,-0.0565775334610444,0.999999999999978,-0.0305524223427821,0.170562048895563,-1.84071552830714,0.283291167052893,-0.342078438546167,-0.0421324010156714
0.999993213519217,-0.0576214019221447,0.999999999999978,-0.0335611708629815,0.243367475537398,-1.33561745500278,0.246113798840003,-0.272017193222007,-0.0448235069039342
0.915991114657729,-0.061664084136452,0.999999986339077,-0.0330590435002741,0.21658293443697,-1.51350360903582,0.25205803336794,-0.321161131701954,-0.044908553537616
0.999999092431127,-0.0595007712155639,0.999999999999975,-0.0329554394085931,0.219992655243988,-1.48319082986112,0.243915463054745,-0.297385549650118,-0.0450944902105925
0.999993509601051,-0.0615356177819741,0.999999999999978,-0.0362220236116183,0.228575904441215,-1.94535618365597,0.271678625951465,-0.314570752413464,-0.0477647345071387
0.999933995309752,-0.0624874072562493,0.999999999999978,-0.0337611931444613,0.161733965658882,-2.09571057496779,0.281890340578245,-0.391772394518709,-0.046395731771246
0.765231900589196,-0.0726493813305679,0.999999991345572,-0.0361940924113872,0.146444628765335,-1.70311923131642,0.249523658659872,-0.389081609651927,-0.0494085073609947
0.288562191187919,-0.1182203343526,0.423095265620034,-0.0345615284578489,0.173095967758856,-20.3658466594891,0.270108688879932,-0.531001499309585,-0.0456296644950072
0.903001874898339,-0.064003902847799,0.999999990983256,-0.0336527422967135,0.208103017927657,-1.67111662113116,0.244062520447953,-0.329372779591149,-0.0461095487341052
0.99999999587982,-0.0708758157426264,0.999999999999978,-0.0372670435413499,0.156855439533188,-1.28808155425497,0.233296704642143,-0.355908592600603,-0.0526643207739043
0.969897993097669,-0.0682388712888494,0.999999987747373,-0.0364202376404821,0.182105319687664,-1.31653963721239,0.22883634295076,-0.333326427225518,-0.0506769426581491
0.324399461402976,-0.0932629399591117,0.994824369693443,-0.0390092469953429,0.240565518913081,-2.3090835993328,0.256473289703959,-0.406278135628058,-0.0445949172214915
0.999988520390676,-0.0691391630035699,0.999999999999978,-0.036580263177628,0.186200246593221,-1.31624647570292,0.220352783979425,-0.321310109806763,-0.0515244902422154
0.310553823492065,-0.129748582487615,0.9969245174953,-0.0348341695126459,0.0886992402691093,-22.5812690925211,0.276993661329645,-0.703050907495311,-0.0373720411135494
0.444277645812444,-0.107780161445194,0.999999989709934,-0.0381873079750584,0.0318349923045705,-22.5812690925211,0.270184165720768,-0.637190967856028,-0.0478736085959688
0.323663958220421,-0.120675217830256,0.99999998757429,-0.0364009967189179,0.0928994102900943,-22.5812690925211,0.266619694702706,-0.604626276328674,-0.0411055588021652
0.333452330198135,-0.125252455492753,0.999999995573377,-0.0362841058879372,0.0819855496689683,-22.5812690925211,0.259897093767567,-0.655665030249058,-0.0407465380442699
0.32951397899821,-0.131877136273095,0.988606632908497,-0.0360892367408379,0.0936902926176246,-25.8120004567834,0.244500362795821,-0.660663955727383,-0.0400821304723541
0.338692304720002,-0.142826522458733,0.98669666221409,-0.038094816771251,0.0338728553601788,-25.8120004567834,0.250947092114168,-0.73606103593499,-0.0425684849616164
0.347237491769143,-0.119619663452361,0.984451361537402,-0.0382833655077636,0.0703979914721567,-25.8120004567834,0.26534533624601,-0.572643129125424,-0.045004032188307
0.382624814230571,-0.130209735347724,0.984673075974362,-0.0404667972037021,0.0606523993766196,-25.8120004567834,0.235223874434841,-0.641263033958394,-0.0487316297845777
0.369637741638086,-0.15942369334386,0.979666003768246,-0.0385650430734359,1.06069061203952e-06,-25.8120004567834,0.22016325866861,-1.01857635285883,-0.042951433092967
0.417919364038513,-0.111217575051457,0.978993670586903,-0.0417883339981809,0.0629017595832265,-25.8120004567834,0.270035161160657,-0.561335934222279,-0.0524777571036908
0.30518594552103,-0.154898000083758,0.972605304366574,-0.0390911348189549,0.0735973840914676,-25.8120004567834,0.265469025152044,-0.826239671997799,-0.0413301052031314
0.297703822668796,-0.131104410726239,0.972476236271435,-0.0425700194003754,0.157357352863861,-25.8120004567834,0.273713589261225,-0.627317769520305,-0.0465579536508662
0.380197184368033,-0.110657317991144,0.969378136836381,-0.0400256191602285,0.0925356028941877,-25.8120004567834,0.292777576308941,-0.624366494025403,-0.0480127497734919
0.303333368577147,-0.144140014271913,0.967727179174063,-0.0367755148888695,0.114394266218983,-25.8120004567834,0.25657706148331,-0.647922565073441,-0.0393291454014424
0.332709096657993,-0.128684765741025,0.967789973684954,-0.0379291497512518,0.106182397533213,-25.8120004567834,0.257462041716745,-0.652963100832618,-0.0430413357078496
0.659550845368364,-0.0953513508684606,0.994147906722533,-0.0448114678838617,0.0848429622055058,-26.0448128985459,0.266334677202424,-0.477269345558125,-0.0609810827918138
0.369438792071557,-0.128438430215754,0.951847595029381,-0.0418727987941771,0.0688186455619881,-26.0448128985459,0.259807901234782,-0.627996047148488,-0.0500821050136375
0.426688530428297,-0.113402633125212,0.9476620802922,-0.0423464849566827,0.089179322673244,-26.0448128985459,0.256791297676163,-0.575360461215597,-0.0534389491393959
0.446170422250442,-0.0997437780389061,0.945029495852645,-0.0404299988142103,0.100826902434281,-26.0448128985459,0.300473678492699,-0.586078046306308,-0.0507281575597661
0.299637393664352,-0.155673481419241,0.937810730683301,-0.0413488660221192,0.107636058297554,-26.0448128985459,0.266018936375374,-0.747670463263242,-0.0434552397149039
0.656819045886769,-0.0995231913011204,0.989613439761304,-0.0455345314672319,0.0652239508987625,-26.0448128985459,0.270878600720641,-0.560658595939211,-0.0621559549946653
0.507250745060699,-0.105826601762205,0.978618500117208,-0.0445989516094499,0.106948301220711,-26.0448128985459,0.284301263627718,-0.625774207629546,-0.0571687038465882
0.326089350720279,-0.134900763674095,0.974354452791519,-0.0476162775236717,0.148059203420717,-26.0448128985459,0.27247016640392,-0.654327186774984,-0.0536305866249314
0.577766342237091,-0.115003831577615,0.973032127847802,-0.047708895696344,0.0364744034977312,-26.3263258565531,0.266627131960715,-0.683618856140643,-0.0643555176607302
0.678416148101212,-0.0919063245666163,0.951693111263545,-0.0453627172060491,0.138847841852389,-26.3263258565531,0.286375897131138,-0.477345763478975,-0.0610951174521163
0.688284918683255,-0.112560048504578,0.96403703624704,-0.0502056128299766,0.0466842224758457,-26.3263258565531,0.269401182227119,-0.663820498004666,-0.0706857034658259
0.314373680743897,-0.15474938497166,0.920948542234789,-0.0495714365355531,0.137063273311195,-26.3263258565531,0.26553768682645,-0.762614080340375,-0.0550670214288781
0.595538793539099,-0.101788448954957,0.95219669244564,-0.0489911853695468,0.137604978444932,-26.3263258565531,0.284498889294622,-0.519298386181044,-0.0645917595931735
0.389201524992976,-0.156673551326533,0.934616550074592,-0.0502415877963239,0.0160402004958549,-26.3263258565531,0.256222371045789,-0.819615876785853,-0.0618111361143621
0.69737874283135,-0.10792054089999,0.96324761597502,-0.0507033319180109,0.123828182590773,-26.3263258565531,0.254565685212206,-0.581675116697912,-0.0694854298312715
0.696701997610302,-0.107245769352835,0.96242033826608,-0.0509135699609669,0.109849926186555,-26.3263258565531,0.258890699400647,-0.573216536635616,-0.0700680295254434
0.38359394493856,-0.189948421216898,0.900739502499197,-0.0508822535595658,0.0146541557704955,-26.3263258565531,0.21243242869118,-1.0224106335327,-0.0606299177632102
0.54105735863929,-0.113670937214645,0.894606123158797,-0.0499600215023526,0.114445855752836,-26.3263258565531,0.276383139223454,-0.616398676699688,-0.0666346828842624
0.543062118388851,-0.11372751126153,0.892988882945253,-0.0492061283004555,0.10394323514509,-26.3263258565531,0.287362872454567,-0.631384424732796,-0.0657067880911681
0.529356949320179,-0.11854446602022,0.886297800001343,-0.051500623460087,0.113932519192285,-26.3263258565531,0.277944256750811,-0.605646104743611,-0.0690215491046523
0.89212177876526,-0.100957743475831,0.992718027623141,-0.0515130316964728,0.118367031998558,-26.3263258565531,0.282908231504524,-0.557223347350945,-0.0718514884462256
0.893816430141902,-0.112143741262933,0.999522508292646,-0.0554332915006723,0.0884889840466354,-26.3263258565531,0.242968360800618,-0.547882421930019,-0.079641278158486
0.882428257290167,-0.118404181216978,0.996575241705862,-0.0585363617987524,0.073981670625363,-26.3263258565531,0.234705363040212,-0.618723271014452,-0.0839271778803808
0.76545500646727,-0.124249678735209,0.965971733757502,-0.0592676062397058,0.0462861417673643,-26.3263258565531,0.259141803267003,-0.685589202089936,-0.0846724220345205
0.574022684750118,-0.141747823774416,0.90490587472933,-0.0563250994305652,0.049042710052672,-26.3263258565531,0.231577552318251,-0.729471521498102,-0.0792728985065812
0.356078071096811,-0.160616798665759,0.804772563099935,-0.056311917456775,0.108468976547666,-26.3263258565531,0.258660116996675,-0.823481032724691,-0.0683339480776006
0.808263869574398,-0.1234423574113,0.992889620257789,-0.0604272663697112,0.0579875006194699,-26.3263258565531,0.253096364026696,-0.614664838804756,-0.0862543676887942
0.477374876840279,-0.166333476807721,0.930045882135716,-0.0594425074232016,0.0585472297893766,-26.3263258564725,0.203791507546339,-0.826609315335705,-0.0791778559118094
0.56610846075,-0.150854368069061,0.91776655229187,-0.0624308300084642,0.0716968773436144,-26.3263258564725,0.210502161036176,-0.742852606279359,-0.0870290856554191
0.550024961697875,-0.140585569486291,0.910867353057753,-0.0593514389167713,0.0992770486032009,-26.3263258564725,0.247377519507951,-0.729867032990057,-0.0801786394008734
0.948042482584467,-0.122629834345823,0.98276132323245,-0.0628261717723504,0.0989864428270032,-26.3263258564725,0.273057926300611,-0.637894213482303,-0.0900269668328375
0.946476415708612,-0.126767401092844,0.983695042947968,-0.0695179841853792,0.145401977499068,-26.3263258564725,0.283776682881392,-0.76795399243019,-0.0939483837177856
0.960907209128834,-0.125996282889562,0.998902043106668,-0.0713536312300835,0.177049596327823,-26.3263258564725,0.268763303938368,-0.703151526639494,-0.0948675137682712
0.96520166731652,-0.140909849603159,0.999999987684759,-0.0698628593972503,0.0569174891170818,-26.3263258564725,0.235895131101623,-0.772909866409264,-0.102117645204974
0.967756035013153,-0.132161385919535,0.991791448507264,-0.0679845916000134,0.126950993961316,-26.3263258564725,0.245503947774313,-0.643754116804958,-0.096912671620451
0.967197795398297,-0.141908857882658,0.990675258477934,-0.0715163772935145,0.0658887299228225,-26.3263258564725,0.230862788273416,-0.717724387476184,-0.104345042765534
0.964797919141068,-0.147499984939404,0.982030947019667,-0.0727176350600824,0.0619482725636326,-26.3263258564725,0.227488263005418,-0.763420553877715,-0.107195728173015
0.964466306513071,-0.141652559167318,0.979086170348114,-0.0709586745896989,0.122376198054317,-26.3263258564725,0.228596733232548,-0.718988198828607,-0.103220767259715
0.963487897578884,-0.142858941249404,0.978327160259101,-0.0728462420225997,0.116070182098132,-26.3263258564725,0.239743367569739,-0.741043909680233,-0.104479807276706
0.963093934743605,-0.139738844006826,0.975158851196565,-0.0731231429057418,0.120217998789532,-26.3263258564725,0.251658245390062,-0.678802420169412,-0.104446051260724
0.962153005542651,-0.154399966616795,0.977542002450432,-0.0801089561464528,0.0963697100436245,-26.3263258564725,0.23001826327649,-0.612434356035296,-0.117317699209976
0.95994344666649,-0.166966812140498,0.965956093528314,-0.0824815677855228,0.0688185265769722,-26.3263258564725,0.217595820863976,-0.812062466939524,-0.122568140666108
0.956430237920019,-0.148887374193937,0.957031216676288,-0.0830100605798945,0.139317713575901,-26.3263258564725,0.270203799516505,-0.749343180372117,-0.114376277084181
0.999999995082093,-0.189647075712067,0.999988340230431,-0.096308489303625,0.0718929316393112,-4.5746934749699,0.218679559540398,-0.859282339515274,-0.142145592882152
0.999999990418248,-0.114323315471772,0.999997031331439,-0.108061979709936,0.234605767729013,-1.37468232393259,0.921078710184555,-0.219798167543189,-0.13663874561494
0.999999989690386,-0.12941192884234,0.99999676594005,-0.125487791844298,0.235968677697569,-1.56748276429461,0.999996863256892,-0.239162013826548,-0.156988530619491
0.999963967933433,-0.126745641056533,0.999968375184662,-0.126744104887752,0.238644957489134,-1.42540244868298,0.99999715215822,-0.237019317953871,-0.156063553497752
0.995537647715477,-0.127666509746756,0.99552200691814,-0.127664597751427,0.246667970813703,-1.382930671821,0.999999999986973,-0.235150094900972,-0.15700712235687
0.970941443175476,-0.137798492469179,0.970918157532548,-0.137806834685452,0.230106656999361,-1.53987433458759,0.819037061072539,-0.274059114707082,-0.167817714121487
0.891216516911994,-0.139801199232064,0.891159210834451,-0.139551677439432,0.224908313462999,-1.61182123170499,0.999929351943988,-0.2670624773174,-0.177121348824064
0.850010610246789,-0.144421503734427,0.849927423830664,-0.144420807119346,0.235975035031281,-1.59580136866601,0.999999991589864,-0.271645092678612,-0.184402106955467
0.825444361305363,-0.142800208501231,0.825361215667803,-0.142793437885612,0.258783397009768,-1.3467866786266,0.99999999137276,-0.259208607774899,-0.182035743936343
